"1","Juan Pérez","23","Natacion","Guatemala","Guatemalteco","2025-09-22"
"1","Juan Pérez","23","Natacion","Guatemala","Guatemalteco","2025-09-23"
"1","Juan Pérez","23","Natacion","Guatemala","Guatemalteco","2025-09-23"
"2","Juan Pérez","23","Natacion","Guatemala","Guatemalteco","2025-09-23"
"1","Juan Pérez","23","Natacion","Guatemala","Guatemalteco","2025-09-23"
"2","Juan Pérez","23","Natacion","Guatemala","Guatemalteco","2025-09-23"
"3","Juan Pérez","23","Natacion","Guatemala","Guatemalteco","2025-09-23"
"4","Juan Pérez","23","Natacion","Guatemala","Guatemalteco","2025-09-23"
"1","Juan Pérez","23","Natacion","Guatemala","Guatemalteco","2025-09-23"
"2","Juan Pérez","23","Natacion","Guatemala","Guatemalteco","2025-09-23"
"3","Juan Pérez","23","Natacion","Guatemala","Guatemalteco","2025-09-23"
"4","Juan Pérez","23","Natacion","Guatemala","Guatemalteco","2025-09-23"
"5","Juan Pérez","23","Natacion","Guatemala","Guatemalteco","2025-09-23"
"6","Juan Pérez","23","Natacion","Guatemala","Guatemalteco","2025-09-23"
"7","Juan Pérez","23","Natacion","Guatemala","Guatemalteco","2025-09-23"
"8","Juan Pérez","23","Natacion","Guatemala","Guatemalteco","2025-09-23"
"1","Juan Pérez","23","Natacion","Guatemala","Guatemalteco","2025-09-23"
"1","Juan Pérez","23","Natacion","Guatemala","Guatemalteco","2025-09-23"
"2","Juan Pérez","23","Natacion","Guatemala","Guatemalteco","2025-09-23"
"3","Juan Pérez","23","Natacion","Guatemala","Guatemalteco","2025-09-23"
"4","Juan Pérez","23","Natacion","Guatemala","Guatemalteco","2025-09-23"
"5","Juan Pérez","23","Natacion","Guatemala","Guatemalteco","2025-09-23"
"6","Juan Pérez","23","Natacion","Guatemala","Guatemalteco","2025-09-23"
"7","Juan Pérez","23","Natacion","Guatemala","Guatemalteco","2025-09-23"
"8","Juan Pérez","23","Natacion","Guatemala","Guatemalteco","2025-09-23"
"9","Juan Pérez","23","Natacion","Guatemala","Guatemalteco","2025-09-23"
"10","Juan Pérez","23","Natacion","Guatemala","Guatemalteco","2025-09-23"
"11","Juan Pérez","23","Natacion","Guatemala","Guatemalteco","2025-09-23"
"12","Juan Pérez","23","Natacion","Guatemala","Guatemalteco","2025-09-23"
"13","Juan Pérez","23","Natacion","Guatemala","Guatemalteco","2025-09-23"
"14","Juan Pérez","23","Natacion","Guatemala","Guatemalteco","2025-09-23"
"15","Juan Pérez","23","Natacion","Guatemala","Guatemalteco","2025-09-23"
"16","Juan Pérez","23","Natacion","Guatemala","Guatemalteco","2025-09-23"
"1","Juan Pérez","23","Natacion","Guatemala","Guatemalteco","2025-09-23"
"2","Juan Pérez","23","Natacion","Guatemala","Guatemalteco","2025-09-23"
"3","Juan Pérez","23","Natacion","Guatemala","Guatemalteco","2025-09-23"
"4","Juan Pérez","23","Natacion","Guatemala","Guatemalteco","2025-09-23"
"5","Juan Pérez","23","Natacion","Guatemala","Guatemalteco","2025-09-23"
"6","Juan Pérez","23","Natacion","Guatemala","Guatemalteco","2025-09-23"
"7","Juan Pérez","23","Natacion","Guatemala","Guatemalteco","2025-09-23"
"8","Juan Pérez","23","Natacion","Guatemala","Guatemalteco","2025-09-23"
"9","Juan Pérez","23","Natacion","Guatemala","Guatemalteco","2025-09-23"
"10","Juan Pérez","23","Natacion","Guatemala","Guatemalteco","2025-09-23"
"11","Juan Pérez","23","Natacion","Guatemala","Guatemalteco","2025-09-23"
"12","Juan Pérez","23","Natacion","Guatemala","Guatemalteco","2025-09-23"
"13","Juan Pérez","23","Natacion","Guatemala","Guatemalteco","2025-09-23"
"14","Juan Pérez","23","Natacion","Guatemala","Guatemalteco","2025-09-23"
"15","Juan Pérez","23","Natacion","Guatemala","Guatemalteco","2025-09-23"
"16","Juan Pérez","23","Natacion","Guatemala","Guatemalteco","2025-09-23"
"17","Juan Pérez","23","Natacion","Guatemala","Guatemalteco","2025-09-23"
"18","Juan Pérez","23","Natacion","Guatemala","Guatemalteco","2025-09-23"
"19","Juan Pérez","23","Natacion","Guatemala","Guatemalteco","2025-09-23"
"20","Juan Pérez","23","Natacion","Guatemala","Guatemalteco","2025-09-23"
"21","Juan Pérez","23","Natacion","Guatemala","Guatemalteco","2025-09-23"
"22","Juan Pérez","23","Natacion","Guatemala","Guatemalteco","2025-09-23"
"23","Juan Pérez","23","Natacion","Guatemala","Guatemalteco","2025-09-23"
"24","Juan Pérez","23","Natacion","Guatemala","Guatemalteco","2025-09-23"
"25","Juan Pérez","23","Natacion","Guatemala","Guatemalteco","2025-09-23"
"26","Juan Pérez","23","Natacion","Guatemala","Guatemalteco","2025-09-23"
"27","Juan Pérez","23","Natacion","Guatemala","Guatemalteco","2025-09-23"
"28","Juan Pérez","23","Natacion","Guatemala","Guatemalteco","2025-09-23"
"29","Juan Pérez","23","Natacion","Guatemala","Guatemalteco","2025-09-23"
"30","Juan Pérez","23","Natacion","Guatemala","Guatemalteco","2025-09-23"
"31","Juan Pérez","23","Natacion","Guatemala","Guatemalteco","2025-09-23"
"32","Juan Pérez","23","Natacion","Guatemala","Guatemalteco","2025-09-23"
